sk theme,jkikbwJqWIE
sk theme2(still kkk),l0q-yisAjKs
scott and todd,U_tpZf62opw
boom,x6RVFT4TNWE
jre,i9R8BfMa08Y&index=1180
chocolateStarFish,RYnFIRc0k6E
crystalMethod,_EbkSMPbj_I
smfd,KOphGZZrE44
potestatem,BNWpZ-Y_KvU
scoobydooby,H-HOyx_FH4E
summit,4r7dvJXrtoE
godmia,OhhOU5FUPBE
hehehehohohoh,UCPOnzbmOgo
dobalina,qFqov8a9iL4
lonely,djU4Lq_5EaM
absoluteDogshit1,6ohWmryCDhg
youUnlockThisDoorWithTheKeyOfImagination,If3SXJeZzMQ
yesRoundabout,Tdu4uKSZ3M
costanza,_V2sBURgUBI
alsoInTheNews,rpvzZZUrs-c
habibi,HTNsvTn13ZY
darkies,uXckSaAwyZM
snigger,pTavZDa3rrE
iwantit,u4tf9Q83ERg
cenciGotCancer,0nzFrroTHz0
gbu,h6p5xxqi7lY
0eklwekwejffo2fj20fjqwlfqwlkfl2o2wef,lVlgMEFu1PI
skTheme,uQRqbYsrtW0

